/*免费版本基本资料*/
/*创建基本资料*/
INSERT INTO `com_store` (`name`, `branch_id`, `province`, `city`, `district`, `contacts`, `email`, `mobile`, `tel`, `website`, `address`, `remark`, `created_at`, `updated_at`, `share_desc`, `map_address`, `map_location`, `unline_payee`, `unline_bank_account`, `unline_card_number`, `default_header_pic`, `slide_pic_0`, `login_interface_pic`, `member_bounty_one`, `member_bounty_two`, `distribution_toggle`, `tool_manager`, `beian`, `is_auto_agreement`) VALUES ('__BRANCH_NAME__', '__BRANCH__', '1305', '1321', '1322', '刘XX', '', '13599514803', '130000XXXXX', '网址', '', '&lt;section data-role=&quot;outer&quot; label=&quot;Powered by 135editor.com&quot; style=&quot;font-size:16px;&quot;&gt;&lt;section data-role=&quot;outer&quot; label=&quot;Powered by 135editor.com&quot;&gt;&lt;section class=&quot;_135editor&quot; data-tools=&quot;135编辑器&quot; data-id=&quot;85446&quot; style=&quot;border: 0px none; margin-right: auto; margin-left: auto; width: 100%; transform: rotateZ(0deg);&quot; data-width=&quot;100%&quot;&gt;&lt;section style=&quot;margin-top: 5px; margin-right: 5px; margin-left: 5px; text-align: center;&quot;&gt;&lt;span style=&quot;font-family:PingHei, Helvetica, Tahoma, Arial, Microsoft YaHei, 微软雅黑, SimSun, 宋体, STXihei, 华文细黑, Heiti, 黑体, sans-serif&quot;&gt;&lt;span style=&quot;font-size: 24px;&quot;&gt;&lt;strong&gt;XXXX有限公司&lt;/strong&gt;&lt;/span&gt;&lt;/span&gt;&lt;/section&gt;&lt;section style=&quot;font-family: 微软雅黑; font-size: 12px; margin: 2px 1em; border: 0px rgb(0, 88, 150); color: rgb(62, 62, 62); text-align: center;&quot;&gt;&lt;section style=&quot;width: 40%; padding-top: 2px; padding-right: 2px; padding-left: 2px; border-top: 3px solid rgb(0, 88, 150); color: rgb(0, 88, 150); font-size: 14px; border-bottom: 1px solid rgb(0, 88, 150); display: inline-block;&quot; data-width=&quot;40%&quot;&gt;&lt;/section&gt;&lt;section class=&quot;135brush&quot; data-brushtype=&quot;text&quot; style=&quot;margin-right: 2px; margin-left: 2px;&quot;&gt;&lt;span style=&quot;color: inherit;&quot;&gt;welcome&lt;/span&gt;&lt;/section&gt;&lt;/section&gt;&lt;/section&gt;&lt;section data-role=&quot;paragraph&quot; class=&quot;_135editor&quot; style=&quot;font-family: 微软雅黑; border: 0px none;&quot;&gt;&lt;p&gt;&lt;br&gt;&lt;/p&gt;&lt;/section&gt;&lt;section class=&quot;_135editor&quot; data-tools=&quot;135编辑器&quot; data-id=&quot;91048&quot; style=&quot;font-family: 微软雅黑; border: 0px none;&quot;&gt;&lt;section style=&quot;padding: 10px; height: auto;&quot;&gt;&lt;section style=&quot;width:100%; margin-top:20px;&quot; data-width=&quot;100%&quot;&gt;&lt;section style=&quot;width:100%;&quot; data-width=&quot;100%&quot;&gt;&lt;/section&gt;&lt;p style=&quot;width: 100%; margin-top: -50px;&quot;&gt;&lt;br&gt;&lt;/p&gt;&lt;p style=&quot;width: 100%; margin-top: -50px;&quot;&gt;&lt;br&gt;&lt;/p&gt;&lt;/section&gt;&lt;/section&gt;&lt;/section&gt;&lt;section class=&quot;_135editor&quot; data-tools=&quot;135编辑器&quot; data-id=&quot;86117&quot; style=&quot;font-family: 微软雅黑; border: 0px none;&quot;&gt;&lt;/section&gt;&lt;section class=&quot;_135editor&quot; data-tools=&quot;135编辑器&quot; data-id=&quot;86318&quot; style=&quot;font-family: 微软雅黑; border: 0px none;&quot;&gt;&lt;section style=&quot;margin-right: auto; margin-left: auto;&quot; class=&quot;layout&quot;&gt;&lt;section style=&quot;margin-top: 2em; padding-top: 0.5em; padding-bottom: 0.5em; font-family: inherit; font-size: 1em; font-weight: inherit; white-space: normal; line-height: 22.4px; border-style: solid none none; border-top-width: 1px; border-top-color: rgb(204, 204, 204); text-decoration: inherit; color: rgb(166, 166, 166);&quot;&gt;&lt;section style=&quot;margin-top: -1.2em; text-align: center; border: none; line-height: 1.4;&quot;&gt;&lt;span style=&quot;padding: 8px 23px; border-radius: 25px; color: #ffffff; font-family: inherit; font-weight: inherit; text-decoration: inherit; border-color: #00589c; background-color: #00589c;&quot; class=&quot;135brush&quot; data-brushtype=&quot;text&quot;&gt;公司简介&lt;/span&gt;&lt;/section&gt;&lt;/section&gt;&lt;/section&gt;&lt;/section&gt;&lt;p style=&quot;font-family: 微软雅黑; font-size: 16px;&quot;&gt;&lt;br&gt;&lt;/p&gt;&lt;section class=&quot;_135editor&quot; data-tools=&quot;135编辑器&quot; data-id=&quot;88498&quot; style=&quot;font-family: 微软雅黑; border: 0px none;&quot;&gt;&lt;section class=&quot;layout&quot; style=&quot;margin: 1em auto;&quot;&gt;&lt;section style=&quot;background: linear-gradient(-135deg, transparent 1em, rgb(0, 88, 156) 0px); border-radius: 0.5em; width: 100%; box-shadow: rgba(0, 0, 0, 0.5) -3px 3px 5px; margin-right: 5px; margin-left: 5px;&quot; data-width=&quot;100%&quot;&gt;&lt;section style=&quot;background: linear-gradient(-135deg, transparent 2em, gray 0px); width: 1.4em; height: 1.4em; float: right; border-bottom-left-radius: 0.5em; box-shadow: rgba(0, 0, 0, 0.2) -2px 2px 3px;&quot;&gt;&lt;/section&gt;&lt;section class=&quot;135brush&quot; style=&quot;padding: 1em 2em 1.5em 1em; color: rgb(254, 254, 254); line-height: 1.75em;&quot;&gt;&lt;p&gt;&amp;nbsp; &amp;nbsp; &amp;nbsp;&lt;span style=&quot;background-color: #00589c; color: #ffffff; font-family: inherit; font-weight: inherit; text-decoration-line: inherit; caret-color: red;&quot;&gt;本公司秉承“规模化”、“智能化”、“专业化”、“品牌化”的品牌理念，凭借技术驱动、服务引领、创新运营模式等核心优势推动传统代理记账服务模式创新，打造出一套独具标准化的财税服务体系，是国内最早一批实现在线签约、实时进度监控、自动报税和批量申报的智能财税平台。&lt;/span&gt;&lt;/p&gt;&lt;p&gt;&lt;span style=&quot;background-color: #00589c; color: #ffffff; font-family: inherit; font-weight: inherit; text-decoration-line: inherit; caret-color: red;&quot;&gt;&lt;br style=&quot;-webkit-tap-highlight-color: rgba(0, 0, 0, 0); color: rgb(25, 31, 37); font-family: &amp;quot;Microsoft YaHei&amp;quot;, &amp;quot;Segoe UI&amp;quot;, system-ui, Roboto, &amp;quot;Droid Sans&amp;quot;, &amp;quot;Helvetica Neue&amp;quot;, sans-serif, Tahoma, &amp;quot;Segoe UI Symbol&amp;quot;; white-space: pre-wrap;&quot;&gt;&amp;nbsp; &amp;nbsp; &amp;nbsp;公司坚持“高效、满意、共赢共创”的经营理念。以优质的服务、丰富的经验、合理的价格、良好的信誉和社会关系渠道为基础，与现有服务的企业建立了良好的长期合作关系。我们以财税为入口，致力打造卓越的中小企业财税服务平台，提供全方位、多元化、高效率的财税服务及其他增值服务。&lt;/span&gt;&lt;/p&gt;&lt;/section&gt;&lt;/section&gt;&lt;/section&gt;&lt;/section&gt;&lt;section data-role=&quot;paragraph&quot; class=&quot;_135editor&quot; style=&quot;font-family: 微软雅黑; border: 0px none;&quot;&gt;&lt;p&gt;&lt;br&gt;&lt;/p&gt;&lt;/section&gt;&lt;section class=&quot;_135editor&quot; data-tools=&quot;135编辑器&quot; data-id=&quot;92653&quot; style=&quot;font-family: 微软雅黑; border: 0px none;&quot;&gt;&lt;section style=&quot;display: flex;justify-content: center&quot;&gt;&lt;section style=&quot;width:100%;&quot; data-width=&quot;100%&quot;&gt;&lt;/section&gt;&lt;/section&gt;&lt;/section&gt;&lt;section data-role=&quot;paragraph&quot; class=&quot;_135editor&quot; style=&quot;font-family: 微软雅黑; border: 0px none; margin-right: auto; margin-left: auto; width: 95%;&quot; data-width=&quot;95%&quot;&gt;&lt;/section&gt;&lt;section class=&quot;_135editor&quot; data-tools=&quot;135编辑器&quot; data-id=&quot;91258&quot; style=&quot;font-family: 微软雅黑; border: 0px none;&quot;&gt;&lt;section style=&quot;padding: 10px;&quot;&gt;&lt;section style=&quot;width: 100%;&quot; data-width=&quot;100%&quot;&gt;&lt;section data-role=&quot;paragraph&quot; class=&quot;_135editor&quot; style=&quot;border: 0px none; margin-right: auto; margin-left: auto; width: 100%;&quot; data-color=&quot;rgb(216, 40, 33)&quot; data-custom=&quot;rgb(216, 40, 33)&quot; data-width=&quot;100%&quot;&gt;&lt;section style=&quot;width: 100%; background-image: url(&amp;quot;https://bdn.135editor.com/files/users/433/4332572/201807/hqeVF95w_xXyt.jpg&amp;quot;); background-size: cover; background-position: center center; background-color: rgba(0, 0, 0, 0); background-repeat: repeat;&quot; class=&quot;135bg&quot; data-width=&quot;100%&quot;&gt;&lt;/section&gt;&lt;/section&gt;&lt;/section&gt;&lt;/section&gt;&lt;/section&gt;&lt;section data-role=&quot;paragraph&quot; class=&quot;_135editor&quot; style=&quot;font-family: 微软雅黑; border: 0px none; margin-right: auto; margin-left: auto; width: 96%;&quot; data-width=&quot;96%&quot;&gt;&lt;p&gt;&lt;br&gt;&lt;/p&gt;&lt;/section&gt;&lt;section class=&quot;_135editor&quot; data-tools=&quot;135编辑器&quot; data-id=&quot;89715&quot; style=&quot;font-family: 微软雅黑; border: 0px none;&quot;&gt;&lt;section style=&quot;text-align:center;&quot;&gt;&lt;section style=&quot;display:inline-block;width:30px;&quot;&gt;&lt;img data-id=&quot;89715&quot; data-role=&quot;guide-img&quot; style=&quot;width: 30px; border: 0px none;&quot; title=&quot;分割线  箭头 动态&quot; src=&quot;http://image2.135editor.com/mmbiz_gif/4BY4nn87ITkYibXSrg4akQicFianNJCG2W3iaKXPXwZkxWQF5Dth5XkjRDxFr7coiajCXeKoKL1jqLT501iazy11pxXw/0?wx_fmt=gif&quot; class=&quot;_135editor&quot;&gt;&lt;/section&gt;&lt;/section&gt;&lt;/section&gt;&lt;section class=&quot;_135editor&quot; data-tools=&quot;135编辑器&quot; data-id=&quot;86318&quot; style=&quot;font-family: 微软雅黑; border: 0px none;&quot;&gt;&lt;section style=&quot;margin-right: auto; margin-left: auto;&quot; class=&quot;layout&quot;&gt;&lt;section style=&quot;margin-top: 2em; padding-top: 0.5em; padding-bottom: 0.5em; font-family: inherit; font-size: 1em; font-weight: inherit; white-space: normal; line-height: 22.4px; border-style: solid none none; border-top-width: 1px; border-top-color: rgb(204, 204, 204); text-decoration: inherit; color: rgb(166, 166, 166);&quot;&gt;&lt;section style=&quot;margin-top: -1.2em; text-align: center; border: none; line-height: 1.4;&quot;&gt;&lt;span style=&quot;padding: 8px 23px; border-radius: 25px; color: #ffffff; font-family: inherit; font-weight: inherit; text-decoration: inherit; border-color: #00589c; background-color: #00589c;&quot; class=&quot;135brush&quot; data-brushtype=&quot;text&quot;&gt;联系我们&lt;/span&gt;&lt;/section&gt;&lt;/section&gt;&lt;/section&gt;&lt;/section&gt;&lt;p style=&quot;font-family: 微软雅黑; font-size: 16px;&quot;&gt;&lt;br&gt;&lt;/p&gt;&lt;section class=&quot;_135editor&quot; data-tools=&quot;135编辑器&quot; data-id=&quot;88498&quot; style=&quot;font-family: 微软雅黑; border: 0px none;&quot;&gt;&lt;section class=&quot;layout&quot; style=&quot;margin: 1em auto;&quot;&gt;&lt;section style=&quot;background: linear-gradient(-135deg, transparent 1em, rgb(0, 88, 156) 0px); border-radius: 0.5em; width: 100%; box-shadow: rgba(0, 0, 0, 0.5) -3px 3px 5px; margin-right: 5px; margin-left: 5px;&quot; data-width=&quot;100%&quot;&gt;&lt;section style=&quot;background: linear-gradient(-135deg, transparent 2em, gray 0px); width: 1.4em; height: 1.4em; float: right; border-bottom-left-radius: 0.5em; box-shadow: rgba(0, 0, 0, 0.2) -2px 2px 3px;&quot;&gt;&lt;/section&gt;&lt;section class=&quot;135brush&quot; style=&quot;padding: 1em 2em 1.5em 1em; color: rgb(254, 254, 254); line-height: 1.75em;&quot;&gt;&lt;p&gt;&lt;span style=&quot;padding: 8px 23px; border-radius: 25px; color: #ffffff; font-family: inherit; font-weight: inherit; text-decoration: inherit; border-color: #00589c; background-color: #00589c;&quot; class=&quot;135brush&quot; data-brushtype=&quot;text&quot;&gt;联系人：&amp;nbsp;&amp;nbsp;&lt;/span&gt;&lt;/p&gt;&lt;p&gt;&lt;br&gt;&lt;/p&gt;&lt;p&gt;&lt;span style=&quot;padding: 8px 23px; border-radius: 25px; color: #ffffff; font-family: inherit; font-weight: inherit; text-decoration: inherit; border-color: #00589c; background-color: #00589c;&quot; class=&quot;135brush&quot; data-brushtype=&quot;text&quot;&gt;联系电话：&lt;/span&gt;&lt;/p&gt;&lt;p&gt;&lt;br&gt;&lt;/p&gt;&lt;p&gt;&lt;span style=&quot;padding: 8px 23px; border-radius: 25px; color: #ffffff; font-family: inherit; font-weight: inherit; text-decoration: inherit; border-color: #00589c; background-color: #00589c;&quot; class=&quot;135brush&quot; data-brushtype=&quot;text&quot;&gt;联系地址：&lt;/span&gt;&lt;/p&gt;&lt;/section&gt;&lt;/section&gt;&lt;/section&gt;&lt;/section&gt;&lt;p style=&quot;font-family: 微软雅黑; font-size: 16px;&quot;&gt;&lt;br&gt;&lt;/p&gt;&lt;/section&gt;&lt;/section&gt;&lt;p&gt;&lt;br&gt;&lt;/p&gt;', '1527753984', '1552889972', '您身边的财务专家（代办工商、代理记账、清理乱账等税务服务）', '', NULL, '刘xx', '中国建设银行XXX支行', '351501985601xxxx8888', '/Application/ESAdmin/Upload/default_images/d41d8cd98f00b204e9800998ecf8427e/20190318/1552881746233478.jpg', NULL, '/Application/ESAdmin/Upload/login_pic/d41d8cd98f00b204e9800998ecf8427e/20180601/1527839182437962.png', NULL, NULL, '0', '', '', '1');
INSERT INTO `com_banner` (`branch_id`, `title`, `pic`, `url`, `url_switch`, `updated_at`, `created_at`, `orders`, `switch`, `view`, `url_type`, `content`) VALUES ('__BRANCH__', '轮播图2', '/Application/ESAdmin/Upload/banner/d41d8cd98f00b204e9800998ecf8427e/20190322/1553218311471772.jpg', '', '0', '1552881299', '1552881299', '1', '1', 'homepage', '0', '');
INSERT INTO `com_banner` (`branch_id`, `title`, `pic`, `url`, `url_switch`, `updated_at`, `created_at`, `orders`, `switch`, `view`, `url_type`, `content`) VALUES ('__BRANCH__', '轮播图1', '/Application/ESAdmin/Upload/banner/d41d8cd98f00b204e9800998ecf8427e/20190322/1553218285619697.jpg', '', '0', '1552881274', '1552881274', '1', '1', 'homepage', '0', '');
/*创建微信菜单*/
INSERT INTO `wx_menu` (`oid`, `name`, `value`, `type`, `parent_id`, `is_valid`, `sort`, `querykey`, `is_redirect`, `media_id`, `group_id`, `comments`, `child_count`, `code`, `is_default`, `branch_id`, `content`, `view_title`) VALUES ('906', '注册公司', 'https://eshop__BRANCH__.caisuikx.com/Index/search_result/keyword/公司注册.html', 'view', '909', '1', NULL, 'zcgs', NULL, NULL, NULL, NULL, '0', 'dsNMpfLT_RrXGLmiV', '0', '__BRANCH__', NULL, '公司注册');
INSERT INTO `wx_menu` (`oid`, `name`, `value`, `type`, `parent_id`, `is_valid`, `sort`, `querykey`, `is_redirect`, `media_id`, `group_id`, `comments`, `child_count`, `code`, `is_default`, `branch_id`, `content`, `view_title`) VALUES ('907', '代理记账', 'https://eshop__BRANCH__.caisuikx.com/Index/search_result/keyword/代理记账.html', 'view', '909', '1', NULL, 'dljz', NULL, NULL, NULL, NULL, '0', 'dsNMpfLT_nDFSCRos', '0', '__BRANCH__', NULL, '代理记账');
INSERT INTO `wx_menu` (`oid`, `name`, `value`, `type`, `parent_id`, `is_valid`, `sort`, `querykey`, `is_redirect`, `media_id`, `group_id`, `comments`, `child_count`, `code`, `is_default`, `branch_id`, `content`, `view_title`) VALUES ('908', '关于我们', '', 'click', '0', '1', 2, 'gywm', NULL, NULL, NULL, NULL, '2', 'PnWNyUdR', '0', '__BRANCH__', NULL, '公司介绍');
INSERT INTO `wx_menu` (`oid`, `name`, `value`, `type`, `parent_id`, `is_valid`, `sort`, `querykey`, `is_redirect`, `media_id`, `group_id`, `comments`, `child_count`, `code`, `is_default`, `branch_id`, `content`, `view_title`) VALUES ('909', '办理业务', '', 'click', '0', '1', 1, 'blyw', NULL, NULL, NULL, NULL, '__BRANCH__', 'dsNMpfLT', '0', '__BRANCH__', NULL, '商城首页');
INSERT INTO `wx_menu` (`oid`, `name`, `value`, `type`, `parent_id`, `is_valid`, `sort`, `querykey`, `is_redirect`, `media_id`, `group_id`, `comments`, `child_count`, `code`, `is_default`, `branch_id`, `content`, `view_title`) VALUES ('910', '会员中心', 'https://eshop__BRANCH__.caisuikx.com/Index/user.html', 'view', '909', '1', NULL, 'hyzx', NULL, NULL, NULL, NULL, '0', 'dsNMpfLT_ZTUDJfxG', '0', '__BRANCH__', NULL, '');
INSERT INTO `wx_menu` (`oid`, `name`, `value`, `type`, `parent_id`, `is_valid`, `sort`, `querykey`, `is_redirect`, `media_id`, `group_id`, `comments`, `child_count`, `code`, `is_default`, `branch_id`, `content`, `view_title`) VALUES ('911', '进入商城', 'https://eshop__BRANCH__.caisuikx.com/Index/index', 'view', '909', '1', NULL, 'jrsc', NULL, NULL, NULL, NULL, '0', 'dsNMpfLT_SePHDdBu', '0', '__BRANCH__', NULL, '商城首页');
INSERT INTO `wx_menu` (`oid`, `name`, `value`, `type`, `parent_id`, `is_valid`, `sort`, `querykey`, `is_redirect`, `media_id`, `group_id`, `comments`, `child_count`, `code`, `is_default`, `branch_id`, `content`, `view_title`) VALUES ('912', '在线沟通', 'https://eshop__BRANCH__.caisuikx.com/liuyan/Me', 'view', '908', '1', NULL, 'zxgt', NULL, NULL, NULL, NULL, '0', 'PnWNyUdR_qSJKFxfN', '0', '__BRANCH__', NULL, '');
INSERT INTO `wx_menu` (`oid`, `name`, `value`, `type`, `parent_id`, `is_valid`, `sort`, `querykey`, `is_redirect`, `media_id`, `group_id`, `comments`, `child_count`, `code`, `is_default`, `branch_id`, `content`, `view_title`) VALUES ('913', '公司介绍', 'https://eshop__BRANCH__.caisuikx.com/Store/my', 'view', '908', '1', NULL, 'gsjs', NULL, NULL, NULL, NULL, '0', 'PnWNyUdR_vTxGZVat', '0', '__BRANCH__', NULL, '公司介绍');
INSERT INTO `wx_menu` (`oid`, `name`, `value`, `type`, `parent_id`, `is_valid`, `sort`, `querykey`, `is_redirect`, `media_id`, `group_id`, `comments`, `child_count`, `code`, `is_default`, `branch_id`, `content`, `view_title`) VALUES ('914', '自助查询', '', 'click', '0', '1', 3, 'zzcx', NULL, NULL, NULL, NULL, '2', 'CsNODfKG', '0', '__BRANCH__', NULL, '');
INSERT INTO `wx_menu` (`oid`, `name`, `value`, `type`, `parent_id`, `is_valid`, `sort`, `querykey`, `is_redirect`, `media_id`, `group_id`, `comments`, `child_count`, `code`, `is_default`, `branch_id`, `content`, `view_title`) VALUES ('915', '进度查询', 'https://eshop__BRANCH__.caisuikx.com/Order.html', 'view', '914', '1', NULL, 'jdcx', NULL, NULL, NULL, NULL, '0', 'CsNODfKG_eIqCUhFW', '0', '__BRANCH__', NULL, '');
INSERT INTO `wx_menu` (`oid`, `name`, `value`, `type`, `parent_id`, `is_valid`, `sort`, `querykey`, `is_redirect`, `media_id`, `group_id`, `comments`, `child_count`, `code`, `is_default`, `branch_id`, `content`, `view_title`) VALUES ('916', '免费咨询', 'https://eshop__BRANCH__.caisuikx.com/Tool/consult', 'view', '914', '1', NULL, 'mfzx', NULL, NULL, NULL, NULL, '0', 'CsNODfKG_wIGAFfPm', '0', '__BRANCH__', NULL, '');
update wx_menu a inner join  wx_menu b on a.parent_id=b.oid and a.branch_id=b.branch_id set a.parent_id=b.id where a.branch_id=__BRANCH__;
/*创建客户类型和来源渠道*/
INSERT INTO `com_company_tag` (`branch_id`, `value`, `type`) VALUES (__BRANCH__, '成交客户', '0');
INSERT INTO `com_company_tag` (`branch_id`, `value`, `type`) VALUES (__BRANCH__, '意向客户', '0');
INSERT INTO `com_company_tag` (`branch_id`, `value`, `type`) VALUES (__BRANCH__, '商城订单', '1');
INSERT INTO `com_company_tag` (`branch_id`, `value`, `type`) VALUES (__BRANCH__, '销售挖掘', '1');
INSERT INTO `com_company_tag` (`branch_id`, `value`, `type`) VALUES (__BRANCH__, '朋友介绍', '1');
INSERT INTO `com_company_tag` (`branch_id`, `value`, `type`) VALUES (__BRANCH__, '客户介绍', '1');
INSERT INTO `com_company_tag` (`branch_id`, `value`, `type`) VALUES (__BRANCH__, '线下推广', '1');
INSERT INTO `com_company_tag` (`branch_id`, `value`, `type`) VALUES (__BRANCH__, '网络媒体', '1');
INSERT INTO `com_company_tag` (`branch_id`, `value`, `type`) VALUES (__BRANCH__, '其他', '1');
/*创建服务类型*/
INSERT INTO `com_category` (`oid`, `name`, `level`, `parent_id`, `querykey`, `is_hot`, `first_char`, `sort`, `code`, `child_count`, `is_valid`, `branch_id`, `icon`, `summary`) VALUES ('292', '财税类', '1', '0', 'csl', '0', 'C', '24', '000034', '3', '1', __BRANCH__, './Application/ESAdmin/Upload/icon_file/d41d8cd98f00b204e9800998ecf8427e/20190322/1553217813740400.png', NULL);
INSERT INTO `com_category` (`oid`, `name`, `level`, `parent_id`, `querykey`, `is_hot`, `first_char`, `sort`, `code`, `child_count`, `is_valid`, `branch_id`, `icon`, `summary`) VALUES ('294', '代理记账', '2', '292', 'dljz', '1', 'D', '1', '000034_cIgAkd', NULL, '1', __BRANCH__, './Application/ESAdmin/Upload/icon_file/d41d8cd98f00b204e9800998ecf8427e/20190322/1553218077336485.png', NULL);
INSERT INTO `com_category` (`oid`, `name`, `level`, `parent_id`, `querykey`, `is_hot`, `first_char`, `sort`, `code`, `child_count`, `is_valid`, `branch_id`, `icon`, `summary`) VALUES ('1178', '工商类', NULL, '0', 'gsl', '0', NULL, '0', 'toOcyZzC', '3', '1', __BRANCH__, './Application/ESAdmin/Upload/icon_file/d41d8cd98f00b204e9800998ecf8427e/20190322/1553217801536705.png', NULL);
INSERT INTO `com_category` (`oid`, `name`, `level`, `parent_id`, `querykey`, `is_hot`, `first_char`, `sort`, `code`, `child_count`, `is_valid`, `branch_id`, `icon`, `summary`) VALUES ('1179', '公司注册', NULL, '1178', 'gszc', '1', NULL, '0', 'toOcyZzC_uLmijrfk', '0', '1', __BRANCH__, './Application/ESAdmin/Upload/icon_file/d41d8cd98f00b204e9800998ecf8427e/20190322/1553218027219594.png', NULL);
INSERT INTO `com_category` (`oid`, `name`, `level`, `parent_id`, `querykey`, `is_hot`, `first_char`, `sort`, `code`, `child_count`, `is_valid`, `branch_id`, `icon`, `summary`) VALUES ('1180', '公司变更', NULL, '1178', 'gsbg', '1', NULL, '0', 'toOcyZzC_XsbQnRWE', '0', '1', __BRANCH__, './Application/ESAdmin/Upload/icon_file/d41d8cd98f00b204e9800998ecf8427e/20190322/1553218040717617.png', NULL);
INSERT INTO `com_category` (`oid`, `name`, `level`, `parent_id`, `querykey`, `is_hot`, `first_char`, `sort`, `code`, `child_count`, `is_valid`, `branch_id`, `icon`, `summary`) VALUES ('1181', '公司注销', NULL, '1178', 'gszx', '1', NULL, '0', 'toOcyZzC_zArBDyfM', '0', '1', __BRANCH__, './Application/ESAdmin/Upload/icon_file/d41d8cd98f00b204e9800998ecf8427e/20190322/1553218027219594.png', NULL);
INSERT INTO `com_category` (`oid`, `name`, `level`, `parent_id`, `querykey`, `is_hot`, `first_char`, `sort`, `code`, `child_count`, `is_valid`, `branch_id`, `icon`, `summary`) VALUES ('1182', '其他类', NULL, '0', 'qtl', '0', NULL, '0', 'kzYLyiCo', '2', '1', __BRANCH__, './Application/ESAdmin/Upload/icon_file/d41d8cd98f00b204e9800998ecf8427e/20190322/1553217776800999.png', NULL);
INSERT INTO `com_category` (`oid`, `name`, `level`, `parent_id`, `querykey`, `is_hot`, `first_char`, `sort`, `code`, `child_count`, `is_valid`, `branch_id`, `icon`, `summary`) VALUES ('1184', '社保代办', NULL, '1182', 'sbdb', '1', NULL, '0', 'kzYLyiCo_TnJSHcek', '0', '1', __BRANCH__, './Application/ESAdmin/Upload/icon_file/d41d8cd98f00b204e9800998ecf8427e/20190322/1553218011665276.png', NULL);
INSERT INTO `com_category` (`oid`, `name`, `level`, `parent_id`, `querykey`, `is_hot`, `first_char`, `sort`, `code`, `child_count`, `is_valid`, `branch_id`, `icon`, `summary`) VALUES ('1183', '商标注册', NULL, '1182', 'sbzc', '1', NULL, '0', 'kzYLyiCo_bxkLEWGa', '0', '1', __BRANCH__, './Application/ESAdmin/Upload/icon_file/d41d8cd98f00b204e9800998ecf8427e/20190322/1553217985107356.png', NULL);
update com_category a inner join  com_category b on a.parent_id=b.oid and a.branch_id=b.branch_id set a.parent_id=b.id where a.branch_id=__BRANCH__;
/*创建服务*/
INSERT INTO `com_product` (`oid`, `branch_id`, `product_title`, `category_id`, `category_pid`, `price_type`, `fees_url`, `real_cash`, `original_cash`, `unit`, `region`, `region_code`, `is_step`, `step_flow`, `product_desc`, `created_at`, `updated_at`, `state`, `company_name`, `order_count`, `category_name`, `content`, `product_pic`, `sort`, `creator_id`, `service_id`) VALUES ('1065', '__BRANCH__', '代理记账', '294', '292', '0', NULL, '0.00', '0.00', NULL, NULL, NULL, '0', '', '专业的代理记账服务，全心全意为您服务', '1553233399', '1553233399', '1', NULL, '0', '代理记账', '&lt;section hs-imagetext-id=&quot;243&quot; class=&quot;fzneditor&quot;&gt;&lt;p&gt;&lt;img src=&quot;/Application/ESAdmin/Upload/ueditor/image/d41d8cd98f00b204e9800998ecf8427e/20180821/1534821448464889.jpg&quot; title=&quot;1534821448464889.jpg&quot; alt=&quot;财穗+-详情图_02.jpg&quot;&gt;&lt;img src=&quot;/Application/ESAdmin/Upload/ueditor/image/d41d8cd98f00b204e9800998ecf8427e/20180821/1534821457726269.jpg&quot; title=&quot;1534821457726269.jpg&quot; alt=&quot;财穗+-详情图_03.jpg&quot;&gt;&lt;img src=&quot;/Application/ESAdmin/Upload/ueditor/image/d41d8cd98f00b204e9800998ecf8427e/20180821/1534821463572844.jpg&quot; title=&quot;1534821463572844.jpg&quot; alt=&quot;财穗+-详情图_04.jpg&quot;&gt;&lt;img src=&quot;/Application/ESAdmin/Upload/ueditor/image/d41d8cd98f00b204e9800998ecf8427e/20180821/1534821467356625.jpg&quot; title=&quot;1534821467356625.jpg&quot; alt=&quot;财穗+-详情图_05.jpg&quot;&gt;&lt;img src=&quot;/Application/ESAdmin/Upload/ueditor/image/d41d8cd98f00b204e9800998ecf8427e/20180821/1534821474655256.jpg&quot; title=&quot;1534821474655256.jpg&quot; alt=&quot;财穗+-详情图_06.jpg&quot;&gt;&lt;/p&gt;&lt;p&gt;&lt;br&gt;&lt;/p&gt;&lt;/section&gt;&lt;p&gt;&lt;br&gt;&lt;/p&gt;', '/Application/ESAdmin/Upload/product/d41d8cd98f00b204e9800998ecf8427e/20190322/1553233391260893.jpg', NULL, NULL, NULL);
INSERT INTO `com_product` (`oid`, `branch_id`, `product_title`, `category_id`, `category_pid`, `price_type`, `fees_url`, `real_cash`, `original_cash`, `unit`, `region`, `region_code`, `is_step`, `step_flow`, `product_desc`, `created_at`, `updated_at`, `state`, `company_name`, `order_count`, `category_name`, `content`, `product_pic`, `sort`, `creator_id`, `service_id`) VALUES ('290', '__BRANCH__', '公司注册', '1179', '1178', '0', NULL, '0.00', '0.00', NULL, NULL, NULL, '1', '核名&,设立登记&,领取营业执照&,刻章&,银行开户&,税务报到', '内资、外资、分公司、个体工商户成立时工商登记、税务登记一站式服务；以及工商、税务登记事项的变更。\r\n项目价格400元-1200元（具体以咨询财务顾问为准）若是我司代账客户费用可减半', '1552877697', '1552877697', '1', NULL, '14', '公司注册', '&lt;section hs-imagetext-id=&quot;245&quot; class=&quot;fzneditor&quot;&gt;&lt;p&gt;&lt;img src=&quot;/Application/ESAdmin/Upload/ueditor/image/d41d8cd98f00b204e9800998ecf8427e/20180919/1537321319571062.jpg&quot; title=&quot;1537321319571062.jpg&quot; alt=&quot;公司注册.jpg&quot;&gt;&lt;/p&gt;&lt;/section&gt;&lt;p&gt;&lt;br&gt;&lt;/p&gt;&lt;p&gt;&lt;br&gt;&lt;/p&gt;', '/Application/ESAdmin/Upload/product/d41d8cd98f00b204e9800998ecf8427e/20190322/1553218490526158.jpg', '11', NULL, NULL);
INSERT INTO `com_product` (`oid`, `branch_id`, `product_title`, `category_id`, `category_pid`, `price_type`, `fees_url`, `real_cash`, `original_cash`, `unit`, `region`, `region_code`, `is_step`, `step_flow`, `product_desc`, `created_at`, `updated_at`, `state`, `company_name`, `order_count`, `category_name`, `content`, `product_pic`, `sort`, `creator_id`, `service_id`) VALUES ('292', '__BRANCH__', '公司变更', '1180', '1178', '0', NULL, '0.00', '0.00', NULL, NULL, NULL, '0', '', '全程线上服务，为你高效解决问题', '1552879429', '1552879429', '1', NULL, '1', '公司变更', '&lt;p&gt;&lt;img src=&quot;/Application/ESAdmin/Upload/ueditor/image/d41d8cd98f00b204e9800998ecf8427e/20190322/1553218734651153.jpg&quot; title=&quot;1553218734651153.jpg&quot; alt=&quot;33.jpg&quot;&gt;&lt;/p&gt;', '/Application/ESAdmin/Upload/product/d41d8cd98f00b204e9800998ecf8427e/20190322/1553218762856325.jpg', '14', NULL, NULL);
INSERT INTO `com_product` (`oid`, `branch_id`, `product_title`, `category_id`, `category_pid`, `price_type`, `fees_url`, `real_cash`, `original_cash`, `unit`, `region`, `region_code`, `is_step`, `step_flow`, `product_desc`, `created_at`, `updated_at`, `state`, `company_name`, `order_count`, `category_name`, `content`, `product_pic`, `sort`, `creator_id`, `service_id`) VALUES ('424', '__BRANCH__', '公司注销', '1181', '1178', '0', NULL, '0.00', '0.00', NULL, NULL, NULL, '0', '', '此报价为服务费用，其他费用自理', '1552956550', '1552956550', '1', NULL, '10', '公司注销', '&lt;p&gt;&lt;img src=&quot;/Application/ESAdmin/Upload/ueditor/image/d41d8cd98f00b204e9800998ecf8427e/20190322/1553218888576567.jpg&quot; title=&quot;1553218888576567.jpg&quot; alt=&quot;公司注销.jpg&quot;&gt;&lt;/p&gt;&lt;p&gt;&lt;img src=&quot;/Application/ESAdmin/Upload/ueditor/image/d41d8cd98f00b204e9800998ecf8427e/20190322/1553218902172724.png&quot; title=&quot;1553218902172724.png&quot; alt=&quot;35.png&quot;&gt;&lt;/p&gt;&lt;p&gt;&lt;img src=&quot;/Application/ESAdmin/Upload/ueditor/image/d41d8cd98f00b204e9800998ecf8427e/20190322/1553218913788171.png&quot; title=&quot;1553218913788171.png&quot; alt=&quot;36.png&quot;&gt;&lt;/p&gt;', '/Application/ESAdmin/Upload/product/d41d8cd98f00b204e9800998ecf8427e/20190322/1553218950921290.jpg', '19', NULL, NULL);
INSERT INTO `com_product` (`oid`, `branch_id`, `product_title`, `category_id`, `category_pid`, `price_type`, `fees_url`, `real_cash`, `original_cash`, `unit`, `region`, `region_code`, `is_step`, `step_flow`, `product_desc`, `created_at`, `updated_at`, `state`, `company_name`, `order_count`, `category_name`, `content`, `product_pic`, `sort`, `creator_id`, `service_id`) VALUES ('433', '__BRANCH__', '代办社保', '1184', '1182', '0', NULL, '0.00', '0.00', NULL, NULL, NULL, '0', '', '为企业社保业务代办（开户、年检等）。', '1552880811', '1552880811', '1', NULL, '1', '社保代办', '&lt;p&gt;&lt;img src=&quot;/Application/ESAdmin/Upload/ueditor/image/d41d8cd98f00b204e9800998ecf8427e/20190322/1553219001700099.png&quot; title=&quot;1553219001700099.png&quot; alt=&quot;20171214154653_64812.png&quot;&gt;&lt;/p&gt;&lt;p&gt;&lt;img src=&quot;/Application/ESAdmin/Upload/ueditor/image/d41d8cd98f00b204e9800998ecf8427e/20190322/1553219011549582.png&quot; title=&quot;1553219011549582.png&quot; alt=&quot;20171214154723_14437.png&quot;&gt;&lt;/p&gt;&lt;p&gt;&lt;img src=&quot;/Application/ESAdmin/Upload/ueditor/image/d41d8cd98f00b204e9800998ecf8427e/20190322/1553219017782969.png&quot; title=&quot;1553219017782969.png&quot; alt=&quot;20171214154729_87657.png&quot;&gt;&lt;/p&gt;&lt;p&gt;&lt;img src=&quot;/Application/ESAdmin/Upload/ueditor/image/d41d8cd98f00b204e9800998ecf8427e/20190322/1553219025183922.png&quot; title=&quot;1553219025183922.png&quot; alt=&quot;20171214154734_70054.png&quot;&gt;&lt;/p&gt;&lt;p&gt;&lt;img src=&quot;/Application/ESAdmin/Upload/ueditor/image/d41d8cd98f00b204e9800998ecf8427e/20190322/1553219033605764.png&quot; title=&quot;1553219033605764.png&quot; alt=&quot;20171214154740_69942.png&quot;&gt;&lt;/p&gt;&lt;p&gt;&lt;br&gt;&lt;/p&gt;', '/Application/ESAdmin/Upload/product/d41d8cd98f00b204e9800998ecf8427e/20190322/1553219066720911.jpg', '20', '184', NULL);
INSERT INTO `com_product` (`oid`, `branch_id`, `product_title`, `category_id`, `category_pid`, `price_type`, `fees_url`, `real_cash`, `original_cash`, `unit`, `region`, `region_code`, `is_step`, `step_flow`, `product_desc`, `created_at`, `updated_at`, `state`, `company_name`, `order_count`, `category_name`, `content`, `product_pic`, `sort`, `creator_id`, `service_id`) VALUES ('437', '__BRANCH__', '商标注册', '1183', '1182', '0', NULL, '0.00', '0.00', NULL, NULL, NULL, '0', '', '专业顾问，快速响应。', '1552889633', '1552889633', '1', NULL, '0', '商标注册', '&lt;p&gt;&lt;img src=&quot;/Application/ESAdmin/Upload/ueditor/image/d41d8cd98f00b204e9800998ecf8427e/20190322/1553218163145178.jpg&quot; title=&quot;1553218163145178.jpg&quot; alt=&quot;商标注册详情页1.jpg&quot;&gt;&lt;/p&gt;&lt;p&gt;&lt;img src=&quot;/Application/ESAdmin/Upload/ueditor/image/d41d8cd98f00b204e9800998ecf8427e/20190322/1553218177106078.jpg&quot; title=&quot;1553218177106078.jpg&quot; alt=&quot;商标注册详情页2.jpg&quot;&gt;&lt;/p&gt;&lt;p&gt;&lt;img src=&quot;/Application/ESAdmin/Upload/ueditor/image/d41d8cd98f00b204e9800998ecf8427e/20190322/1553218186877383.jpg&quot; title=&quot;1553218186877383.jpg&quot; alt=&quot;商标注册详情页3.jpg&quot;&gt;&lt;/p&gt;', '/Application/ESAdmin/Upload/product/d41d8cd98f00b204e9800998ecf8427e/20190322/1553218222558743.jpg', NULL, NULL, NULL);
update com_product a inner join  com_category b on a.category_id=b.oid and a.branch_id=b.branch_id set a.category_id=b.id where a.branch_id=__BRANCH__;
update com_product a inner join  com_category b on a.category_pid=b.oid and a.branch_id=b.branch_id set a.category_pid=b.id where a.branch_id=__BRANCH__;
update com_product set order_count=0,created_at=unix_timestamp(now()) where branch_id=__BRANCH__
INSERT INTO `com_product_options` (`oid`, `name`, `parent_id`, `branch_id`, `product_id`, `sort`, `created_at`, `update_at`) VALUES ('5200', '服务类型', '0', '__BRANCH__', '1065', '0', '1553233399', NULL);
INSERT INTO `com_product_options` (`oid`, `name`, `parent_id`, `branch_id`, `product_id`, `sort`, `created_at`, `update_at`) VALUES ('5201', '小规模', '5200', '__BRANCH__', '1065', '0', '1553233399', NULL);
INSERT INTO `com_product_options` (`oid`, `name`, `parent_id`, `branch_id`, `product_id`, `sort`, `created_at`, `update_at`) VALUES ('5202', '一般纳税人', '5200', '__BRANCH__', '1065', '1', '1553233399', NULL);
INSERT INTO `com_product_options` (`oid`, `name`, `parent_id`, `branch_id`, `product_id`, `sort`, `created_at`, `update_at`) VALUES ('265', '公司类型', '0', __BRANCH__, '290', '0', '1527746504', NULL);
INSERT INTO `com_product_options` (`oid`, `name`, `parent_id`, `branch_id`, `product_id`, `sort`, `created_at`, `update_at`) VALUES ('1427', '服务类型', '0', __BRANCH__, '433', '0', '1552880811', NULL);
INSERT INTO `com_product_options` (`oid`, `name`, `parent_id`, `branch_id`, `product_id`, `sort`, `created_at`, `update_at`) VALUES ('1428', '代缴社保', '1427', __BRANCH__, '433', '0', '1552880811', NULL);
INSERT INTO `com_product_options` (`oid`, `name`, `parent_id`, `branch_id`, `product_id`, `sort`, `created_at`, `update_at`) VALUES ('285', '变更类型', '0', __BRANCH__, '292', '0', '1527749527', NULL);
INSERT INTO `com_product_options` (`oid`, `name`, `parent_id`, `branch_id`, `product_id`, `sort`, `created_at`, `update_at`) VALUES ('286', '外资公司变更', '285', __BRANCH__, '292', NULL, '1527749527', NULL);
INSERT INTO `com_product_options` (`oid`, `name`, `parent_id`, `branch_id`, `product_id`, `sort`, `created_at`, `update_at`) VALUES ('287', '公司名称变更', '285', __BRANCH__, '292', NULL, '1527749527', NULL);
INSERT INTO `com_product_options` (`oid`, `name`, `parent_id`, `branch_id`, `product_id`, `sort`, `created_at`, `update_at`) VALUES ('288', '注册地址变更', '285', __BRANCH__, '292', NULL, '1527749527', NULL);
INSERT INTO `com_product_options` (`oid`, `name`, `parent_id`, `branch_id`, `product_id`, `sort`, `created_at`, `update_at`) VALUES ('289', '经营范围变更', '285', __BRANCH__, '292', NULL, '1527749527', NULL);
INSERT INTO `com_product_options` (`oid`, `name`, `parent_id`, `branch_id`, `product_id`, `sort`, `created_at`, `update_at`) VALUES ('290', '法定代表人变更', '285', __BRANCH__, '292', NULL, '1527749527', NULL);
INSERT INTO `com_product_options` (`oid`, `name`, `parent_id`, `branch_id`, `product_id`, `sort`, `created_at`, `update_at`) VALUES ('291', '股权变更', '285', __BRANCH__, '292', NULL, '1527749527', NULL);
INSERT INTO `com_product_options` (`oid`, `name`, `parent_id`, `branch_id`, `product_id`, `sort`, `created_at`, `update_at`) VALUES ('292', '公司增资', '285', __BRANCH__, '292', NULL, '1527749527', NULL);
INSERT INTO `com_product_options` (`oid`, `name`, `parent_id`, `branch_id`, `product_id`, `sort`, `created_at`, `update_at`) VALUES ('293', '公司减资', '285', __BRANCH__, '292', NULL, '1527749527', NULL);
INSERT INTO `com_product_options` (`oid`, `name`, `parent_id`, `branch_id`, `product_id`, `sort`, `created_at`, `update_at`) VALUES ('294', '增资扩股', '285', __BRANCH__, '292', NULL, '1527749527', NULL);
INSERT INTO `com_product_options` (`oid`, `name`, `parent_id`, `branch_id`, `product_id`, `sort`, `created_at`, `update_at`) VALUES ('295', '内资公司注销', '285', __BRANCH__, '292', NULL, '1527749527', NULL);
INSERT INTO `com_product_options` (`oid`, `name`, `parent_id`, `branch_id`, `product_id`, `sort`, `created_at`, `update_at`) VALUES ('296', '监事变更', '285', __BRANCH__, '292', NULL, '1527749527', NULL);
INSERT INTO `com_product_options` (`oid`, `name`, `parent_id`, `branch_id`, `product_id`, `sort`, `created_at`, `update_at`) VALUES ('297', '高管变更', '285', __BRANCH__, '292', NULL, '1527749527', NULL);
INSERT INTO `com_product_options` (`oid`, `name`, `parent_id`, `branch_id`, `product_id`, `sort`, `created_at`, `update_at`) VALUES ('298', '外资公司注销', '285', __BRANCH__, '292', NULL, '1527749527', NULL);
INSERT INTO `com_product_options` (`oid`, `name`, `parent_id`, `branch_id`, `product_id`, `sort`, `created_at`, `update_at`) VALUES ('299', '公司章程补办', '285', __BRANCH__, '292', NULL, '1527749527', NULL);
INSERT INTO `com_product_options` (`oid`, `name`, `parent_id`, `branch_id`, `product_id`, `sort`, `created_at`, `update_at`) VALUES ('1440', '个体户', '1277', __BRANCH__, '424', '2', '1552956550', NULL);
INSERT INTO `com_product_options` (`oid`, `name`, `parent_id`, `branch_id`, `product_id`, `sort`, `created_at`, `update_at`) VALUES ('1415', '外商独资公司注册', '265', __BRANCH__, '290', '1', '1552877641', NULL);
INSERT INTO `com_product_options` (`oid`, `name`, `parent_id`, `branch_id`, `product_id`, `sort`, `created_at`, `update_at`) VALUES ('1437', '商标注册', '1432', __BRANCH__, '437', '0', '1552889633', NULL);
INSERT INTO `com_product_options` (`oid`, `name`, `parent_id`, `branch_id`, `product_id`, `sort`, `created_at`, `update_at`) VALUES ('1432', '服务分类', '0', __BRANCH__, '437', '0', '1552881202', NULL);
INSERT INTO `com_product_options` (`oid`, `name`, `parent_id`, `branch_id`, `product_id`, `sort`, `created_at`, `update_at`) VALUES ('1431', '个人补缴', '1427', __BRANCH__, '433', '3', '1552880811', NULL);
INSERT INTO `com_product_options` (`oid`, `name`, `parent_id`, `branch_id`, `product_id`, `sort`, `created_at`, `update_at`) VALUES ('1430', '代缴社保和公积金', '1427', __BRANCH__, '433', '2', '1552880811', NULL);
INSERT INTO `com_product_options` (`oid`, `name`, `parent_id`, `branch_id`, `product_id`, `sort`, `created_at`, `update_at`) VALUES ('1429', '代缴公积金', '1427', __BRANCH__, '433', '1', '1552880811', NULL);
INSERT INTO `com_product_options` (`oid`, `name`, `parent_id`, `branch_id`, `product_id`, `sort`, `created_at`, `update_at`) VALUES ('1438', '有限责任公司（小规模）', '1277', __BRANCH__, '424', '0', '1552956550', NULL);
INSERT INTO `com_product_options` (`oid`, `name`, `parent_id`, `branch_id`, `product_id`, `sort`, `created_at`, `update_at`) VALUES ('1439', '有限责任公司（一般纳税人）', '1277', __BRANCH__, '424', '1', '1552956550', NULL);
INSERT INTO `com_product_options` (`oid`, `name`, `parent_id`, `branch_id`, `product_id`, `sort`, `created_at`, `update_at`) VALUES ('1418', '分公司注册', '265', __BRANCH__, '290', '4', '1552877641', NULL);
INSERT INTO `com_product_options` (`oid`, `name`, `parent_id`, `branch_id`, `product_id`, `sort`, `created_at`, `update_at`) VALUES ('1417', '个人独资企业注册', '265', __BRANCH__, '290', '3', '1552877641', NULL);
INSERT INTO `com_product_options` (`oid`, `name`, `parent_id`, `branch_id`, `product_id`, `sort`, `created_at`, `update_at`) VALUES ('1416', '合伙企业注册', '265', __BRANCH__, '290', '2', '1552877641', NULL);
INSERT INTO `com_product_options` (`oid`, `name`, `parent_id`, `branch_id`, `product_id`, `sort`, `created_at`, `update_at`) VALUES ('1441', '分公司', '1277', __BRANCH__, '424', '3', '1552956550', NULL);
INSERT INTO `com_product_options` (`oid`, `name`, `parent_id`, `branch_id`, `product_id`, `sort`, `created_at`, `update_at`) VALUES ('1442', '外资公司', '1277', __BRANCH__, '424', '4', '1552956550', NULL);
INSERT INTO `com_product_options` (`oid`, `name`, `parent_id`, `branch_id`, `product_id`, `sort`, `created_at`, `update_at`) VALUES ('1277', '公司类型', '0', __BRANCH__, '424', '0', '1537150048', NULL);
INSERT INTO `com_product_options` (`oid`, `name`, `parent_id`, `branch_id`, `product_id`, `sort`, `created_at`, `update_at`) VALUES ('1414', '有限责任公司注册', '265', __BRANCH__, '290', '0', '1552877641', NULL);
update com_product_options a inner join  com_product_options b on a.parent_id=b.oid and a.branch_id=b.branch_id set a.parent_id=b.id where a.branch_id=__BRANCH__;
update com_product_options a inner join  com_product b on a.product_id=b.oid and a.branch_id=b.branch_id set a.product_id=b.id where a.branch_id=__BRANCH__;
/*创建商户超级角色*/
INSERT INTO `sys_role` (`name`, `is_valid`, `querykey`, `sort`, `branch_id`, `comments`, `is_admin`) VALUES ('超级管理员', '1', 'cjgly', NULL, __BRANCH__, NULL, '1');